queue_order	person_id	name_normalized	mode	source_person_anchor	search_query	evidence_url	decision	notes
4921	FC2515-P02-R0205	琚姝	PRESERVED_PRIOR_UNRESOLVED	gdrive:1jlNP_ENJzQgBsMgZ2bwR6ZoiUdNZhqzR#上海:205	NOT_REEXECUTED		UNRESOLVED_CURRENT_ORG_TITLE	Prior 0083 unresolved result preserved; no broad re-search performed during persistence recovery
4922	FC2515-P02-R0206	柯桂华	PRESERVED_PRIOR_UNRESOLVED	gdrive:1jlNP_ENJzQgBsMgZ2bwR6ZoiUdNZhqzR#上海:206	NOT_REEXECUTED		UNRESOLVED_CURRENT_ORG_TITLE	Prior 0083 unresolved result preserved; no broad re-search performed during persistence recovery
4923	FC2515-P02-R0207	柯国权	TARGETED_PERSISTENCE_RECOVERY	gdrive:1jlNP_ENJzQgBsMgZ2bwR6ZoiUdNZhqzR#上海:207	柯国权 current organization title	https://sisd-sh.com/member_units_detail/1/13	CURRENT_ORG_TITLE_CONFIRMED	Recovered only because prior 0083 bytes were not persisted; FORMAL_ASSOCIATION_CURRENT_MEMBER_UNIT_ROLE
4924	FC2515-P02-R0208	孔微微	PRESERVED_PRIOR_UNRESOLVED	gdrive:1jlNP_ENJzQgBsMgZ2bwR6ZoiUdNZhqzR#上海:208	NOT_REEXECUTED		UNRESOLVED_CURRENT_ORG_TITLE	Prior 0083 unresolved result preserved; no broad re-search performed during persistence recovery
4925	FC2515-P02-R0209	赖小龙	PRESERVED_PRIOR_UNRESOLVED	gdrive:1jlNP_ENJzQgBsMgZ2bwR6ZoiUdNZhqzR#上海:209	NOT_REEXECUTED		UNRESOLVED_CURRENT_ORG_TITLE	Prior 0083 unresolved result preserved; no broad re-search performed during persistence recovery
4926	FC2515-P02-R0210	雷梅	PRESERVED_PRIOR_UNRESOLVED	gdrive:1jlNP_ENJzQgBsMgZ2bwR6ZoiUdNZhqzR#上海:210	NOT_REEXECUTED		UNRESOLVED_CURRENT_ORG_TITLE	Prior 0083 unresolved result preserved; no broad re-search performed during persistence recovery
4927	FC2515-P02-R0211	李春云	PRESERVED_PRIOR_UNRESOLVED	gdrive:1jlNP_ENJzQgBsMgZ2bwR6ZoiUdNZhqzR#上海:211	NOT_REEXECUTED		UNRESOLVED_CURRENT_ORG_TITLE	Prior 0083 unresolved result preserved; no broad re-search performed during persistence recovery
4928	FC2515-P02-R0212	李健成	PRESERVED_PRIOR_UNRESOLVED	gdrive:1jlNP_ENJzQgBsMgZ2bwR6ZoiUdNZhqzR#上海:212	NOT_REEXECUTED		UNRESOLVED_CURRENT_ORG_TITLE	Prior 0083 unresolved result preserved; no broad re-search performed during persistence recovery
4929	FC2515-P02-R0213	李晶姣	TARGETED_PERSISTENCE_RECOVERY	gdrive:1jlNP_ENJzQgBsMgZ2bwR6ZoiUdNZhqzR#上海:213	李晶姣 current organization title	https://www.sfic.cn/jgzn	CURRENT_ORG_TITLE_CONFIRMED	Recovered only because prior 0083 bytes were not persisted; FEDERATION_OFFICIAL_CURRENT_STAFF_ROLE
4930	FC2515-P02-R0214	李娟	PRESERVED_PRIOR_UNRESOLVED	gdrive:1jlNP_ENJzQgBsMgZ2bwR6ZoiUdNZhqzR#上海:214	NOT_REEXECUTED		UNRESOLVED_CURRENT_ORG_TITLE	Prior 0083 unresolved result preserved; no broad re-search performed during persistence recovery
4931	FC2515-P02-R0215	李伟	PRESERVED_PRIOR_UNRESOLVED	gdrive:1jlNP_ENJzQgBsMgZ2bwR6ZoiUdNZhqzR#上海:215	NOT_REEXECUTED		UNRESOLVED_CURRENT_ORG_TITLE	Prior 0083 unresolved result preserved; no broad re-search performed during persistence recovery
4932	FC2515-P02-R0216	李雄厚	PRESERVED_PRIOR_UNRESOLVED	gdrive:1jlNP_ENJzQgBsMgZ2bwR6ZoiUdNZhqzR#上海:216	NOT_REEXECUTED		UNRESOLVED_CURRENT_ORG_TITLE	Prior 0083 unresolved result preserved; no broad re-search performed during persistence recovery
4933	FC2515-P02-R0217	李燕	PRESERVED_PRIOR_UNRESOLVED	gdrive:1jlNP_ENJzQgBsMgZ2bwR6ZoiUdNZhqzR#上海:217	NOT_REEXECUTED		UNRESOLVED_CURRENT_ORG_TITLE	Prior 0083 unresolved result preserved; no broad re-search performed during persistence recovery
4934	FC2515-P02-R0218	梁栋科	PRESERVED_PRIOR_UNRESOLVED	gdrive:1jlNP_ENJzQgBsMgZ2bwR6ZoiUdNZhqzR#上海:218	NOT_REEXECUTED		UNRESOLVED_CURRENT_ORG_TITLE	Prior 0083 unresolved result preserved; no broad re-search performed during persistence recovery
4935	FC2515-P02-R0219	梁晓芹	TARGETED_PERSISTENCE_RECOVERY	gdrive:1jlNP_ENJzQgBsMgZ2bwR6ZoiUdNZhqzR#上海:219	梁晓芹 current organization title	https://mzzj.sh.gov.cn/cmsres/fc/fc5f920dff394058a13583292bde9431/c973b0fd94e74d3bb3e668df9129c3ff.pdf	CURRENT_ORG_TITLE_CONFIRMED	Recovered only because prior 0083 bytes were not persisted; SHANGHAI_GOV_ROLE_ANCHOR
4936	FC2515-P02-R0220	林杰	PRESERVED_PRIOR_UNRESOLVED	gdrive:1jlNP_ENJzQgBsMgZ2bwR6ZoiUdNZhqzR#上海:220	NOT_REEXECUTED		UNRESOLVED_CURRENT_ORG_TITLE	Prior 0083 unresolved result preserved; no broad re-search performed during persistence recovery
4937	FC2515-P02-R0221	林琦	TARGETED_PERSISTENCE_RECOVERY	gdrive:1jlNP_ENJzQgBsMgZ2bwR6ZoiUdNZhqzR#上海:221	林琦 current organization title	https://www1.hkexnews.hk/listedco/listconews/sehk/2026/0424/2026042403917_c.pdf	CURRENT_ORG_TITLE_CONFIRMED	Recovered only because prior 0083 bytes were not persisted; HKEX_2026_CURRENT_CHAIRMAN
4938	FC2515-P02-R0222	林夕爱	TARGETED_PERSISTENCE_RECOVERY	gdrive:1jlNP_ENJzQgBsMgZ2bwR6ZoiUdNZhqzR#上海:222	林夕爱 current organization title	https://www.sfic.cn/xw/xq/1/28348	CURRENT_ORG_TITLE_CONFIRMED	Recovered only because prior 0083 bytes were not persisted; SFIC_2026_CURRENT_ROLE
4939	FC2515-P02-R0223	凌静远	PRESERVED_PRIOR_UNRESOLVED	gdrive:1jlNP_ENJzQgBsMgZ2bwR6ZoiUdNZhqzR#上海:223	NOT_REEXECUTED		UNRESOLVED_CURRENT_ORG_TITLE	Prior 0083 unresolved result preserved; no broad re-search performed during persistence recovery
4940	FC2515-P02-R0225	刘鹤君	PRESERVED_PRIOR_UNRESOLVED	gdrive:1jlNP_ENJzQgBsMgZ2bwR6ZoiUdNZhqzR#上海:225	NOT_REEXECUTED		UNRESOLVED_CURRENT_ORG_TITLE	Prior 0083 unresolved result preserved; no broad re-search performed during persistence recovery
4941	FC2515-P02-R0226	刘建国	PRESERVED_PRIOR_UNRESOLVED	gdrive:1jlNP_ENJzQgBsMgZ2bwR6ZoiUdNZhqzR#上海:226	NOT_REEXECUTED		UNRESOLVED_CURRENT_ORG_TITLE	Prior 0083 unresolved result preserved; no broad re-search performed during persistence recovery
4942	FC2515-P02-R0228	刘锦耀	PRESERVED_PRIOR_UNRESOLVED	gdrive:1jlNP_ENJzQgBsMgZ2bwR6ZoiUdNZhqzR#上海:228	NOT_REEXECUTED		UNRESOLVED_CURRENT_ORG_TITLE	Prior 0083 unresolved result preserved; no broad re-search performed during persistence recovery
4943	FC2515-P02-R0229	刘军	PRESERVED_PRIOR_UNRESOLVED	gdrive:1jlNP_ENJzQgBsMgZ2bwR6ZoiUdNZhqzR#上海:229	NOT_REEXECUTED		UNRESOLVED_CURRENT_ORG_TITLE	Prior 0083 unresolved result preserved; no broad re-search performed during persistence recovery
4944	FC2515-P02-R0230	陆金琪	TARGETED_PERSISTENCE_RECOVERY	gdrive:1jlNP_ENJzQgBsMgZ2bwR6ZoiUdNZhqzR#上海:230	陆金琪 current organization title	https://xinsanban.eastmoney.com/Article/NoticeContent?id=AN202606011823133214	CURRENT_ORG_TITLE_CONFIRMED	Recovered only because prior 0083 bytes were not persisted; 2026_PUBLIC_COMPANY_MEETING_ROLE
4945	FC2515-P02-R0231	陆平一	PRESERVED_PRIOR_UNRESOLVED	gdrive:1jlNP_ENJzQgBsMgZ2bwR6ZoiUdNZhqzR#上海:231	NOT_REEXECUTED		UNRESOLVED_CURRENT_ORG_TITLE	Prior 0083 unresolved result preserved; no broad re-search performed during persistence recovery
4946	FC2515-P02-R0232	吕民生	PRESERVED_PRIOR_UNRESOLVED	gdrive:1jlNP_ENJzQgBsMgZ2bwR6ZoiUdNZhqzR#上海:232	NOT_REEXECUTED		UNRESOLVED_CURRENT_ORG_TITLE	Prior 0083 unresolved result preserved; no broad re-search performed during persistence recovery
4947	FC2515-P02-R0234	罗美荣	PRESERVED_PRIOR_UNRESOLVED	gdrive:1jlNP_ENJzQgBsMgZ2bwR6ZoiUdNZhqzR#上海:234	NOT_REEXECUTED		UNRESOLVED_CURRENT_ORG_TITLE	Prior 0083 unresolved result preserved; no broad re-search performed during persistence recovery
4948	FC2515-P02-R0235	骆海东	TARGETED_PERSISTENCE_RECOVERY	gdrive:1jlNP_ENJzQgBsMgZ2bwR6ZoiUdNZhqzR#上海:235	骆海东 current organization title	https://cs.zut.edu.cn/info/1073/7705.htm	CURRENT_ORG_TITLE_CONFIRMED	Recovered only because prior 0083 bytes were not persisted; 2025_UNIVERSITY_OFFICIAL_CURRENT_ROLE
4949	FC2515-P02-R0236	马骏	PRESERVED_PRIOR_UNRESOLVED	gdrive:1jlNP_ENJzQgBsMgZ2bwR6ZoiUdNZhqzR#上海:236	NOT_REEXECUTED		UNRESOLVED_CURRENT_ORG_TITLE	Prior 0083 unresolved result preserved; no broad re-search performed during persistence recovery
4950	FC2515-P02-R0237	马文胜	PRESERVED_PRIOR_UNRESOLVED	gdrive:1jlNP_ENJzQgBsMgZ2bwR6ZoiUdNZhqzR#上海:237	NOT_REEXECUTED		UNRESOLVED_CURRENT_ORG_TITLE	Prior 0083 unresolved result preserved; no broad re-search performed during persistence recovery
4951	FC2515-P02-R0238	孟庆楠	PRESERVED_PRIOR_UNRESOLVED	gdrive:1jlNP_ENJzQgBsMgZ2bwR6ZoiUdNZhqzR#上海:238	NOT_REEXECUTED		UNRESOLVED_CURRENT_ORG_TITLE	Prior 0083 unresolved result preserved; no broad re-search performed during persistence recovery
4952	FC2515-P02-R0239	穆竟伟	TARGETED_PERSISTENCE_RECOVERY	gdrive:1jlNP_ENJzQgBsMgZ2bwR6ZoiUdNZhqzR#上海:239	穆竟伟 current organization title	https://www.csrc.gov.cn/shanghai/c103864/c7638745/content.shtml	CURRENT_ORG_TITLE_CONFIRMED	Recovered only because prior 0083 bytes were not persisted; CSRC_2026_CURRENT_ROLE
4953	FC2515-P02-R0240	聂红林	PRESERVED_PRIOR_UNRESOLVED	gdrive:1jlNP_ENJzQgBsMgZ2bwR6ZoiUdNZhqzR#上海:240	NOT_REEXECUTED		UNRESOLVED_CURRENT_ORG_TITLE	Prior 0083 unresolved result preserved; no broad re-search performed during persistence recovery
4954	FC2515-P02-R0241	牛余新	TARGETED_PERSISTENCE_RECOVERY	gdrive:1jlNP_ENJzQgBsMgZ2bwR6ZoiUdNZhqzR#上海:241	牛余新 current organization title	https://static.cninfo.com.cn/finalpage/2026-04-18/1225116882.PDF	CURRENT_ORG_TITLE_CONFIRMED	Recovered only because prior 0083 bytes were not persisted; LISTED_COMPANY_2025_ANNUAL_REPORT_CURRENT
4955	FC2515-P02-R0242	潘晶	PRESERVED_PRIOR_UNRESOLVED	gdrive:1jlNP_ENJzQgBsMgZ2bwR6ZoiUdNZhqzR#上海:242	NOT_REEXECUTED		UNRESOLVED_CURRENT_ORG_TITLE	Prior 0083 unresolved result preserved; no broad re-search performed during persistence recovery
4956	FC2515-P02-R0243	潘锐	PRESERVED_PRIOR_UNRESOLVED	gdrive:1jlNP_ENJzQgBsMgZ2bwR6ZoiUdNZhqzR#上海:243	NOT_REEXECUTED		UNRESOLVED_CURRENT_ORG_TITLE	Prior 0083 unresolved result preserved; no broad re-search performed during persistence recovery
4957	FC2515-P02-R0244	彭程	PRESERVED_PRIOR_UNRESOLVED	gdrive:1jlNP_ENJzQgBsMgZ2bwR6ZoiUdNZhqzR#上海:244	NOT_REEXECUTED		UNRESOLVED_CURRENT_ORG_TITLE	Prior 0083 unresolved result preserved; no broad re-search performed during persistence recovery
4958	FC2515-P02-R0245	彭红辉	PRESERVED_PRIOR_UNRESOLVED	gdrive:1jlNP_ENJzQgBsMgZ2bwR6ZoiUdNZhqzR#上海:245	NOT_REEXECUTED		UNRESOLVED_CURRENT_ORG_TITLE	Prior 0083 unresolved result preserved; no broad re-search performed during persistence recovery
4959	FC2515-P02-R0246	乔桂明	PRESERVED_PRIOR_UNRESOLVED	gdrive:1jlNP_ENJzQgBsMgZ2bwR6ZoiUdNZhqzR#上海:246	NOT_REEXECUTED		UNRESOLVED_CURRENT_ORG_TITLE	Prior 0083 unresolved result preserved; no broad re-search performed during persistence recovery
4960	FC2515-P02-R0247	阮兴祥	PRESERVED_PRIOR_UNRESOLVED	gdrive:1jlNP_ENJzQgBsMgZ2bwR6ZoiUdNZhqzR#上海:247	NOT_REEXECUTED		UNRESOLVED_CURRENT_ORG_TITLE	Prior 0083 unresolved result preserved; no broad re-search performed during persistence recovery
4961	FC2515-P02-R0248	山青峰	PRESERVED_PRIOR_UNRESOLVED	gdrive:1jlNP_ENJzQgBsMgZ2bwR6ZoiUdNZhqzR#上海:248	NOT_REEXECUTED		UNRESOLVED_CURRENT_ORG_TITLE	Prior 0083 unresolved result preserved; no broad re-search performed during persistence recovery
4962	FC2515-P02-R0249	沈沪铭	PRESERVED_PRIOR_UNRESOLVED	gdrive:1jlNP_ENJzQgBsMgZ2bwR6ZoiUdNZhqzR#上海:249	NOT_REEXECUTED		UNRESOLVED_CURRENT_ORG_TITLE	Prior 0083 unresolved result preserved; no broad re-search performed during persistence recovery
4963	FC2515-P02-R0250	石章强	TARGETED_PERSISTENCE_RECOVERY	gdrive:1jlNP_ENJzQgBsMgZ2bwR6ZoiUdNZhqzR#上海:250	石章强 current organization title	https://zjacc.zufe.edu.cn/info/1065/16389.htm	CURRENT_ORG_TITLE_CONFIRMED	Recovered only because prior 0083 bytes were not persisted; 2025_UNIVERSITY_OFFICIAL_CURRENT_FOUNDER
4964	FC2515-P02-R0251	史和平	PRESERVED_PRIOR_UNRESOLVED	gdrive:1jlNP_ENJzQgBsMgZ2bwR6ZoiUdNZhqzR#上海:251	NOT_REEXECUTED		UNRESOLVED_CURRENT_ORG_TITLE	Prior 0083 unresolved result preserved; no broad re-search performed during persistence recovery
4965	FC2515-P02-R0252	史咏晶	PRESERVED_PRIOR_UNRESOLVED	gdrive:1jlNP_ENJzQgBsMgZ2bwR6ZoiUdNZhqzR#上海:252	NOT_REEXECUTED		UNRESOLVED_CURRENT_ORG_TITLE	Prior 0083 unresolved result preserved; no broad re-search performed during persistence recovery
4966	FC2515-P02-R0253	斯朝富	PRESERVED_PRIOR_UNRESOLVED	gdrive:1jlNP_ENJzQgBsMgZ2bwR6ZoiUdNZhqzR#上海:253	NOT_REEXECUTED		UNRESOLVED_CURRENT_ORG_TITLE	Prior 0083 unresolved result preserved; no broad re-search performed during persistence recovery
4967	FC2515-P02-R0254	孙艳	PRESERVED_PRIOR_UNRESOLVED	gdrive:1jlNP_ENJzQgBsMgZ2bwR6ZoiUdNZhqzR#上海:254	NOT_REEXECUTED		UNRESOLVED_CURRENT_ORG_TITLE	Prior 0083 unresolved result preserved; no broad re-search performed during persistence recovery
4968	FC2515-P02-R0255	孙元浩	TARGETED_PERSISTENCE_RECOVERY	gdrive:1jlNP_ENJzQgBsMgZ2bwR6ZoiUdNZhqzR#上海:255	孙元浩 current organization title	https://static.cninfo.com.cn/finalpage/2026-03-25/1225028782.PDF	CURRENT_ORG_TITLE_CONFIRMED	Recovered only because prior 0083 bytes were not persisted; LISTED_COMPANY_2026_BOARD_CURRENT
4969	FC2515-P02-R0256	汤澜	TARGETED_PERSISTENCE_RECOVERY	gdrive:1jlNP_ENJzQgBsMgZ2bwR6ZoiUdNZhqzR#上海:256	汤澜 current organization title	https://www.sfic.cn/xw/xq/1/22411	CURRENT_ORG_TITLE_CONFIRMED	Recovered only because prior 0083 bytes were not persisted; SFIC_ROLE_ANCHOR
4970	FC2515-P02-R0257	唐惠兴	PRESERVED_PRIOR_UNRESOLVED	gdrive:1jlNP_ENJzQgBsMgZ2bwR6ZoiUdNZhqzR#上海:257	NOT_REEXECUTED		UNRESOLVED_CURRENT_ORG_TITLE	Prior 0083 unresolved result preserved; no broad re-search performed during persistence recovery
4971	FC2515-P02-R0258	唐晓峰	PRESERVED_PRIOR_UNRESOLVED	gdrive:1jlNP_ENJzQgBsMgZ2bwR6ZoiUdNZhqzR#上海:258	NOT_REEXECUTED		UNRESOLVED_CURRENT_ORG_TITLE	Prior 0083 unresolved result preserved; no broad re-search performed during persistence recovery
4972	FC2515-P02-R0259	汪兵	TARGETED_PERSISTENCE_RECOVERY	gdrive:1jlNP_ENJzQgBsMgZ2bwR6ZoiUdNZhqzR#上海:259	汪兵 current organization title	https://www.sfic.cn/xw/xq/1/23266	CURRENT_ORG_TITLE_CONFIRMED	Recovered only because prior 0083 bytes were not persisted; SFIC_2024_CURRENT_ROLE
4973	FC2515-P02-R0260	汪文德	PRESERVED_PRIOR_UNRESOLVED	gdrive:1jlNP_ENJzQgBsMgZ2bwR6ZoiUdNZhqzR#上海:260	NOT_REEXECUTED		UNRESOLVED_CURRENT_ORG_TITLE	Prior 0083 unresolved result preserved; no broad re-search performed during persistence recovery
4974	FC2515-P02-R0261	王翠玲	TARGETED_PERSISTENCE_RECOVERY	gdrive:1jlNP_ENJzQgBsMgZ2bwR6ZoiUdNZhqzR#上海:261	王翠玲 current organization title	https://www.greentechbank.com.cn/greentech/web/expert/detail/0e053396e6f04ded9fe3232fa15c1863	CURRENT_ORG_TITLE_CONFIRMED	Recovered only because prior 0083 bytes were not persisted; CURRENT_PROFILE_ROLE_B_GRADE
4975	FC2515-P02-R0262	王大年	TARGETED_PERSISTENCE_RECOVERY	gdrive:1jlNP_ENJzQgBsMgZ2bwR6ZoiUdNZhqzR#上海:262	王大年 current organization title	https://ciac.zjw.sh.gov.cn/JGBQyWsbsNewWeb/QyWSGSGg/QyFrame.aspx?sbid=dhk4jrt9ezU%3D	CURRENT_ORG_TITLE_CONFIRMED	Recovered only because prior 0083 bytes were not persisted; SHANGHAI_CONSTRUCTION_GOV_CURRENT_ROLE
4976	FC2515-P02-R0263	王殿精	PRESERVED_PRIOR_UNRESOLVED	gdrive:1jlNP_ENJzQgBsMgZ2bwR6ZoiUdNZhqzR#上海:263	NOT_REEXECUTED		UNRESOLVED_CURRENT_ORG_TITLE	Prior 0083 unresolved result preserved; no broad re-search performed during persistence recovery
4977	FC2515-P02-R0264	王芳	PRESERVED_PRIOR_UNRESOLVED	gdrive:1jlNP_ENJzQgBsMgZ2bwR6ZoiUdNZhqzR#上海:264	NOT_REEXECUTED		UNRESOLVED_CURRENT_ORG_TITLE	Prior 0083 unresolved result preserved; no broad re-search performed during persistence recovery
4978	FC2515-P02-R0265	王茂廷	PRESERVED_PRIOR_UNRESOLVED	gdrive:1jlNP_ENJzQgBsMgZ2bwR6ZoiUdNZhqzR#上海:265	NOT_REEXECUTED		UNRESOLVED_CURRENT_ORG_TITLE	Prior 0083 unresolved result preserved; no broad re-search performed during persistence recovery
4979	FC2515-P02-R0266	王敏	PRESERVED_PRIOR_UNRESOLVED	gdrive:1jlNP_ENJzQgBsMgZ2bwR6ZoiUdNZhqzR#上海:266	NOT_REEXECUTED		UNRESOLVED_CURRENT_ORG_TITLE	Prior 0083 unresolved result preserved; no broad re-search performed during persistence recovery
4980	FC2515-P02-R0267	王倩	PRESERVED_PRIOR_UNRESOLVED	gdrive:1jlNP_ENJzQgBsMgZ2bwR6ZoiUdNZhqzR#上海:267	NOT_REEXECUTED		UNRESOLVED_CURRENT_ORG_TITLE	Prior 0083 unresolved result preserved; no broad re-search performed during persistence recovery
