queue_order,person_id,province,excel_row,candidate_names,evidence_type,evidence_grade,evidence_title,evidence_url,evidence_date,current_verification_status,unresolved_reason
1,FC2515-P11-R0123,浙江,123,陈频,federation_official,A,浙江省工商业联合会第十二届执行委员会名单,https://www.acfic.org.cn/ztzlhz/2022gslhj/2022gslhj_zj/202209/t20220919_313059.html,2022-09-19,DEFERRED_CANONICAL_IDENTITY_REPAIR_REQUIRED,Canonical person_id is attached to a malformed source fragment/compound row; assigning current organization/title before canonical split/merge risks cross-person contamination. Identity candidates are evidence-backed and carried forward to structural conflict resolution.
2,FC2515-P11-R0124,浙江,124,陈频,federation_official,A,浙江省工商业联合会第十二届执行委员会名单,https://www.acfic.org.cn/ztzlhz/2022gslhj/2022gslhj_zj/202209/t20220919_313059.html,2022-09-19,DEFERRED_CANONICAL_IDENTITY_REPAIR_REQUIRED,Canonical person_id is attached to a malformed source fragment/compound row; assigning current organization/title before canonical split/merge risks cross-person contamination. Identity candidates are evidence-backed and carried forward to structural conflict resolution.
3,FC2515-P11-R0125,浙江,125,陈滨,federation_official,A,浙江省工商业联合会第十二届执行委员会名单,https://www.acfic.org.cn/ztzlhz/2022gslhj/2022gslhj_zj/202209/t20220919_313059.html,2022-09-19,DEFERRED_CANONICAL_IDENTITY_REPAIR_REQUIRED,Canonical person_id is attached to a malformed source fragment/compound row; assigning current organization/title before canonical split/merge risks cross-person contamination. Identity candidates are evidence-backed and carried forward to structural conflict resolution.
4,FC2515-P11-R0126,浙江,126,陈滨,federation_official,A,浙江省工商业联合会第十二届执行委员会名单,https://www.acfic.org.cn/ztzlhz/2022gslhj/2022gslhj_zj/202209/t20220919_313059.html,2022-09-19,DEFERRED_CANONICAL_IDENTITY_REPAIR_REQUIRED,Canonical person_id is attached to a malformed source fragment/compound row; assigning current organization/title before canonical split/merge risks cross-person contamination. Identity candidates are evidence-backed and carried forward to structural conflict resolution.
5,FC2515-P11-R0176,浙江,176,殷英,federation_official,A,浙江省工商业联合会第十二届执行委员会名单,https://www.acfic.org.cn/ztzlhz/2022gslhj/2022gslhj_zj/202209/t20220919_313059.html,2022-09-19,DEFERRED_CANONICAL_IDENTITY_REPAIR_REQUIRED,Canonical person_id is attached to a malformed source fragment/compound row; assigning current organization/title before canonical split/merge risks cross-person contamination. Identity candidates are evidence-backed and carried forward to structural conflict resolution.
6,FC2515-P11-R0177,浙江,177,殷英,federation_official,A,浙江省工商业联合会第十二届执行委员会名单,https://www.acfic.org.cn/ztzlhz/2022gslhj/2022gslhj_zj/202209/t20220919_313059.html,2022-09-19,DEFERRED_CANONICAL_IDENTITY_REPAIR_REQUIRED,Canonical person_id is attached to a malformed source fragment/compound row; assigning current organization/title before canonical split/merge risks cross-person contamination. Identity candidates are evidence-backed and carried forward to structural conflict resolution.
7,FC2515-P11-R0214,浙江,214,丰华,federation_official,A,浙江省工商业联合会第十二届执行委员会名单,https://www.acfic.org.cn/ztzlhz/2022gslhj/2022gslhj_zj/202209/t20220919_313059.html,2022-09-19,DEFERRED_CANONICAL_IDENTITY_REPAIR_REQUIRED,Canonical person_id is attached to a malformed source fragment/compound row; assigning current organization/title before canonical split/merge risks cross-person contamination. Identity candidates are evidence-backed and carried forward to structural conflict resolution.
8,FC2515-P11-R0216,浙江,216,王雨,federation_official,A,浙江省工商业联合会第十二届执行委员会名单,https://www.acfic.org.cn/ztzlhz/2022gslhj/2022gslhj_zj/202209/t20220919_313059.html,2022-09-19,DEFERRED_CANONICAL_IDENTITY_REPAIR_REQUIRED,Canonical person_id is attached to a malformed source fragment/compound row; assigning current organization/title before canonical split/merge risks cross-person contamination. Identity candidates are evidence-backed and carried forward to structural conflict resolution.
9,FC2515-P11-R0219,浙江,219,王勤,federation_official,A,浙江省工商业联合会第十二届执行委员会名单,https://www.acfic.org.cn/ztzlhz/2022gslhj/2022gslhj_zj/202209/t20220919_313059.html,2022-09-19,DEFERRED_CANONICAL_IDENTITY_REPAIR_REQUIRED,Canonical person_id is attached to a malformed source fragment/compound row; assigning current organization/title before canonical split/merge risks cross-person contamination. Identity candidates are evidence-backed and carried forward to structural conflict resolution.
10,FC2515-P11-R0220,浙江,220,王勤,federation_official,A,浙江省工商业联合会第十二届执行委员会名单,https://www.acfic.org.cn/ztzlhz/2022gslhj/2022gslhj_zj/202209/t20220919_313059.html,2022-09-19,DEFERRED_CANONICAL_IDENTITY_REPAIR_REQUIRED,Canonical person_id is attached to a malformed source fragment/compound row; assigning current organization/title before canonical split/merge risks cross-person contamination. Identity candidates are evidence-backed and carried forward to structural conflict resolution.
11,FC2515-P11-R0300,浙江,300,苏健,federation_official,A,浙江省工商业联合会第十二届执行委员会名单,https://www.acfic.org.cn/ztzlhz/2022gslhj/2022gslhj_zj/202209/t20220919_313059.html,2022-09-19,DEFERRED_CANONICAL_IDENTITY_REPAIR_REQUIRED,Canonical person_id is attached to a malformed source fragment/compound row; assigning current organization/title before canonical split/merge risks cross-person contamination. Identity candidates are evidence-backed and carried forward to structural conflict resolution.
12,FC2515-P11-R0316,浙江,316,杨军（丽水）,federation_official,A,浙江省工商业联合会第十二届执行委员会名单,https://www.acfic.org.cn/ztzlhz/2022gslhj/2022gslhj_zj/202209/t20220919_313059.html,2022-09-19,DEFERRED_CANONICAL_IDENTITY_REPAIR_REQUIRED,Canonical person_id is attached to a malformed source fragment/compound row; assigning current organization/title before canonical split/merge risks cross-person contamination. Identity candidates are evidence-backed and carried forward to structural conflict resolution.
13,FC2515-P11-R0317,浙江,317,杨军（丽水）,federation_official,A,浙江省工商业联合会第十二届执行委员会名单,https://www.acfic.org.cn/ztzlhz/2022gslhj/2022gslhj_zj/202209/t20220919_313059.html,2022-09-19,DEFERRED_CANONICAL_IDENTITY_REPAIR_REQUIRED,Canonical person_id is attached to a malformed source fragment/compound row; assigning current organization/title before canonical split/merge risks cross-person contamination. Identity candidates are evidence-backed and carried forward to structural conflict resolution.
14,FC2515-P11-R0388,浙江,388,陈滨,federation_official,A,浙江省工商业联合会第十二届执行委员会名单,https://www.acfic.org.cn/ztzlhz/2022gslhj/2022gslhj_zj/202209/t20220919_313059.html,2022-09-19,DEFERRED_CANONICAL_IDENTITY_REPAIR_REQUIRED,Canonical person_id is attached to a malformed source fragment/compound row; assigning current organization/title before canonical split/merge risks cross-person contamination. Identity candidates are evidence-backed and carried forward to structural conflict resolution.
15,FC2515-P11-R0390,浙江,390,陈蕾,federation_official,A,浙江省工商业联合会第十二届执行委员会名单,https://www.acfic.org.cn/ztzlhz/2022gslhj/2022gslhj_zj/202209/t20220919_313059.html,2022-09-19,DEFERRED_CANONICAL_IDENTITY_REPAIR_REQUIRED,Canonical person_id is attached to a malformed source fragment/compound row; assigning current organization/title before canonical split/merge risks cross-person contamination. Identity candidates are evidence-backed and carried forward to structural conflict resolution.
16,FC2515-P11-R0391,浙江,391,陈蔚,federation_official,A,浙江省工商业联合会第十二届执行委员会名单,https://www.acfic.org.cn/ztzlhz/2022gslhj/2022gslhj_zj/202209/t20220919_313059.html,2022-09-19,DEFERRED_CANONICAL_IDENTITY_REPAIR_REQUIRED,Canonical person_id is attached to a malformed source fragment/compound row; assigning current organization/title before canonical split/merge risks cross-person contamination. Identity candidates are evidence-backed and carried forward to structural conflict resolution.
17,FC2515-P11-R0392,浙江,392,陈蔚,federation_official,A,浙江省工商业联合会第十二届执行委员会名单,https://www.acfic.org.cn/ztzlhz/2022gslhj/2022gslhj_zj/202209/t20220919_313059.html,2022-09-19,DEFERRED_CANONICAL_IDENTITY_REPAIR_REQUIRED,Canonical person_id is attached to a malformed source fragment/compound row; assigning current organization/title before canonical split/merge risks cross-person contamination. Identity candidates are evidence-backed and carried forward to structural conflict resolution.
18,FC2515-P11-R0511,浙江,511,徐伟,federation_official,A,浙江省工商业联合会第十二届执行委员会名单,https://www.acfic.org.cn/ztzlhz/2022gslhj/2022gslhj_zj/202209/t20220919_313059.html,2022-09-19,DEFERRED_CANONICAL_IDENTITY_REPAIR_REQUIRED,Canonical person_id is attached to a malformed source fragment/compound row; assigning current organization/title before canonical split/merge risks cross-person contamination. Identity candidates are evidence-backed and carried forward to structural conflict resolution.
19,FC2515-P11-R0513,浙江,513,徐迅,federation_official,A,浙江省工商业联合会第十二届执行委员会名单,https://www.acfic.org.cn/ztzlhz/2022gslhj/2022gslhj_zj/202209/t20220919_313059.html,2022-09-19,DEFERRED_CANONICAL_IDENTITY_REPAIR_REQUIRED,Canonical person_id is attached to a malformed source fragment/compound row; assigning current organization/title before canonical split/merge risks cross-person contamination. Identity candidates are evidence-backed and carried forward to structural conflict resolution.
20,FC2515-P11-R0520,浙江,520,殷英,federation_official,A,浙江省工商业联合会第十二届执行委员会名单,https://www.acfic.org.cn/ztzlhz/2022gslhj/2022gslhj_zj/202209/t20220919_313059.html,2022-09-19,DEFERRED_CANONICAL_IDENTITY_REPAIR_REQUIRED,Canonical person_id is attached to a malformed source fragment/compound row; assigning current organization/title before canonical split/merge risks cross-person contamination. Identity candidates are evidence-backed and carried forward to structural conflict resolution.
21,FC2515-P11-R0521,浙江,521,殷英,federation_official,A,浙江省工商业联合会第十二届执行委员会名单,https://www.acfic.org.cn/ztzlhz/2022gslhj/2022gslhj_zj/202209/t20220919_313059.html,2022-09-19,DEFERRED_CANONICAL_IDENTITY_REPAIR_REQUIRED,Canonical person_id is attached to a malformed source fragment/compound row; assigning current organization/title before canonical split/merge risks cross-person contamination. Identity candidates are evidence-backed and carried forward to structural conflict resolution.
22,FC2515-P11-R0553,浙江,553,彭星,federation_official,A,浙江省工商业联合会第十二届执行委员会名单,https://www.acfic.org.cn/ztzlhz/2022gslhj/2022gslhj_zj/202209/t20220919_313059.html,2022-09-19,DEFERRED_CANONICAL_IDENTITY_REPAIR_REQUIRED,Canonical person_id is attached to a malformed source fragment/compound row; assigning current organization/title before canonical split/merge risks cross-person contamination. Identity candidates are evidence-backed and carried forward to structural conflict resolution.
23,FC2515-P12-R0036,安徽,36,朱玉荣|伍志伟,federation_official,A,安徽省工商联第十二届执行委员会名单,https://www.acfic.org.cn/ztzlhz/2022gslhj/2022gslhj_ah/202208/t20220812_312855.html,2022-08-12,DEFERRED_CANONICAL_IDENTITY_REPAIR_REQUIRED,Canonical person_id is attached to a malformed source fragment/compound row; assigning current organization/title before canonical split/merge risks cross-person contamination. Identity candidates are evidence-backed and carried forward to structural conflict resolution.
24,FC2515-P12-R0052,安徽,52,王磊|王小强,federation_official,A,安徽省工商联第十二届执行委员会名单,https://www.acfic.org.cn/ztzlhz/2022gslhj/2022gslhj_ah/202208/t20220812_312855.html,2022-08-12,DEFERRED_CANONICAL_IDENTITY_REPAIR_REQUIRED,Canonical person_id is attached to a malformed source fragment/compound row; assigning current organization/title before canonical split/merge risks cross-person contamination. Identity candidates are evidence-backed and carried forward to structural conflict resolution.
25,FC2515-P12-R0056,安徽,56,王翠凤|尤加林,federation_official,A,安徽省工商联第十二届执行委员会名单,https://www.acfic.org.cn/ztzlhz/2022gslhj/2022gslhj_ah/202208/t20220812_312855.html,2022-08-12,DEFERRED_CANONICAL_IDENTITY_REPAIR_REQUIRED,Canonical person_id is attached to a malformed source fragment/compound row; assigning current organization/title before canonical split/merge risks cross-person contamination. Identity candidates are evidence-backed and carried forward to structural conflict resolution.
26,FC2515-P12-R0066,安徽,66,朱前定|伍志伟,federation_official,A,安徽省工商联第十二届执行委员会名单,https://www.acfic.org.cn/ztzlhz/2022gslhj/2022gslhj_ah/202208/t20220812_312855.html,2022-08-12,DEFERRED_CANONICAL_IDENTITY_REPAIR_REQUIRED,Canonical person_id is attached to a malformed source fragment/compound row; assigning current organization/title before canonical split/merge risks cross-person contamination. Identity candidates are evidence-backed and carried forward to structural conflict resolution.
27,FC2515-P12-R0071,安徽,71,刘尚斌|刘亮亮,federation_official,A,安徽省工商联第十二届执行委员会名单,https://www.acfic.org.cn/ztzlhz/2022gslhj/2022gslhj_ah/202208/t20220812_312855.html,2022-08-12,DEFERRED_CANONICAL_IDENTITY_REPAIR_REQUIRED,Canonical person_id is attached to a malformed source fragment/compound row; assigning current organization/title before canonical split/merge risks cross-person contamination. Identity candidates are evidence-backed and carried forward to structural conflict resolution.
28,FC2515-P12-R0086,安徽,86,李俊波|李增流,federation_official,A,安徽省工商联第十二届执行委员会名单,https://www.acfic.org.cn/ztzlhz/2022gslhj/2022gslhj_ah/202208/t20220812_312855.html,2022-08-12,DEFERRED_CANONICAL_IDENTITY_REPAIR_REQUIRED,Canonical person_id is attached to a malformed source fragment/compound row; assigning current organization/title before canonical split/merge risks cross-person contamination. Identity candidates are evidence-backed and carried forward to structural conflict resolution.
29,FC2515-P12-R0091,安徽,91,吴立民|吴成月,federation_official,A,安徽省工商联第十二届执行委员会名单,https://www.acfic.org.cn/ztzlhz/2022gslhj/2022gslhj_ah/202208/t20220812_312855.html,2022-08-12,DEFERRED_CANONICAL_IDENTITY_REPAIR_REQUIRED,Canonical person_id is attached to a malformed source fragment/compound row; assigning current organization/title before canonical split/merge risks cross-person contamination. Identity candidates are evidence-backed and carried forward to structural conflict resolution.
30,FC2515-P12-R0096,安徽,96,沈泽冰|陈齐,federation_official,A,安徽省工商联第十二届执行委员会名单,https://www.acfic.org.cn/ztzlhz/2022gslhj/2022gslhj_ah/202208/t20220812_312855.html,2022-08-12,DEFERRED_CANONICAL_IDENTITY_REPAIR_REQUIRED,Canonical person_id is attached to a malformed source fragment/compound row; assigning current organization/title before canonical split/merge risks cross-person contamination. Identity candidates are evidence-backed and carried forward to structural conflict resolution.
31,FC2515-P12-R0110,安徽,110,胡春华|施卫东,federation_official,A,安徽省工商联第十二届执行委员会名单,https://www.acfic.org.cn/ztzlhz/2022gslhj/2022gslhj_ah/202208/t20220812_312855.html,2022-08-12,DEFERRED_CANONICAL_IDENTITY_REPAIR_REQUIRED,Canonical person_id is attached to a malformed source fragment/compound row; assigning current organization/title before canonical split/merge risks cross-person contamination. Identity candidates are evidence-backed and carried forward to structural conflict resolution.
32,FC2515-P12-R0114,安徽,114,贺应旭|聂磊,federation_official,A,安徽省工商联第十二届执行委员会名单,https://www.acfic.org.cn/ztzlhz/2022gslhj/2022gslhj_ah/202208/t20220812_312855.html,2022-08-12,DEFERRED_CANONICAL_IDENTITY_REPAIR_REQUIRED,Canonical person_id is attached to a malformed source fragment/compound row; assigning current organization/title before canonical split/merge risks cross-person contamination. Identity candidates are evidence-backed and carried forward to structural conflict resolution.
33,FC2515-P12-R0145,安徽,145,丁超毅|于军,federation_official,A,安徽省工商联第十二届执行委员会名单,https://www.acfic.org.cn/ztzlhz/2022gslhj/2022gslhj_ah/202208/t20220812_312855.html,2022-08-12,DEFERRED_CANONICAL_IDENTITY_REPAIR_REQUIRED,Canonical person_id is attached to a malformed source fragment/compound row; assigning current organization/title before canonical split/merge risks cross-person contamination. Identity candidates are evidence-backed and carried forward to structural conflict resolution.
34,FC2515-P12-R0154,安徽,154,王正荣|王正前,federation_official,A,安徽省工商联第十二届执行委员会名单,https://www.acfic.org.cn/ztzlhz/2022gslhj/2022gslhj_ah/202208/t20220812_312855.html,2022-08-12,DEFERRED_CANONICAL_IDENTITY_REPAIR_REQUIRED,Canonical person_id is attached to a malformed source fragment/compound row; assigning current organization/title before canonical split/merge risks cross-person contamination. Identity candidates are evidence-backed and carried forward to structural conflict resolution.
35,FC2515-P12-R0158,安徽,158,王怀远|王和新,federation_official,A,安徽省工商联第十二届执行委员会名单,https://www.acfic.org.cn/ztzlhz/2022gslhj/2022gslhj_ah/202208/t20220812_312855.html,2022-08-12,DEFERRED_CANONICAL_IDENTITY_REPAIR_REQUIRED,Canonical person_id is attached to a malformed source fragment/compound row; assigning current organization/title before canonical split/merge risks cross-person contamination. Identity candidates are evidence-backed and carried forward to structural conflict resolution.
36,FC2515-P12-R0162,安徽,162,王培元|王鹏程,federation_official,A,安徽省工商联第十二届执行委员会名单,https://www.acfic.org.cn/ztzlhz/2022gslhj/2022gslhj_ah/202208/t20220812_312855.html,2022-08-12,DEFERRED_CANONICAL_IDENTITY_REPAIR_REQUIRED,Canonical person_id is attached to a malformed source fragment/compound row; assigning current organization/title before canonical split/merge risks cross-person contamination. Identity candidates are evidence-backed and carried forward to structural conflict resolution.
37,FC2515-P12-R0166,安徽,166,卞凯民|方东兴,federation_official,A,安徽省工商联第十二届执行委员会名单,https://www.acfic.org.cn/ztzlhz/2022gslhj/2022gslhj_ah/202208/t20220812_312855.html,2022-08-12,DEFERRED_CANONICAL_IDENTITY_REPAIR_REQUIRED,Canonical person_id is attached to a malformed source fragment/compound row; assigning current organization/title before canonical split/merge risks cross-person contamination. Identity candidates are evidence-backed and carried forward to structural conflict resolution.
38,FC2515-P12-R0199,安徽,199,刘力|刘伟|刘永政|刘庆峰|刘江华|刘红岩|刘沛峰,federation_official,A,安徽省工商联第十二届执行委员会名单,https://www.acfic.org.cn/ztzlhz/2022gslhj/2022gslhj_ah/202208/t20220812_312855.html,2022-08-12,DEFERRED_CANONICAL_IDENTITY_REPAIR_REQUIRED,Canonical person_id is attached to a malformed source fragment/compound row; assigning current organization/title before canonical split/merge risks cross-person contamination. Identity candidates are evidence-backed and carried forward to structural conflict resolution.
39,FC2515-P12-R0231,安徽,231,李厚文|李俊波,federation_official,A,安徽省工商联第十二届执行委员会名单,https://www.acfic.org.cn/ztzlhz/2022gslhj/2022gslhj_ah/202208/t20220812_312855.html,2022-08-12,DEFERRED_CANONICAL_IDENTITY_REPAIR_REQUIRED,Canonical person_id is attached to a malformed source fragment/compound row; assigning current organization/title before canonical split/merge risks cross-person contamination. Identity candidates are evidence-backed and carried forward to structural conflict resolution.
40,FC2515-P12-R0275,安徽,275,张少华|张世才,federation_official,A,安徽省工商联第十二届执行委员会名单,https://www.acfic.org.cn/ztzlhz/2022gslhj/2022gslhj_ah/202208/t20220812_312855.html,2022-08-12,DEFERRED_CANONICAL_IDENTITY_REPAIR_REQUIRED,Canonical person_id is attached to a malformed source fragment/compound row; assigning current organization/title before canonical split/merge risks cross-person contamination. Identity candidates are evidence-backed and carried forward to structural conflict resolution.
41,FC2515-P12-R0279,安徽,279,张洪玉|陈齐,federation_official,A,安徽省工商联第十二届执行委员会名单,https://www.acfic.org.cn/ztzlhz/2022gslhj/2022gslhj_ah/202208/t20220812_312855.html,2022-08-12,DEFERRED_CANONICAL_IDENTITY_REPAIR_REQUIRED,Canonical person_id is attached to a malformed source fragment/compound row; assigning current organization/title before canonical split/merge risks cross-person contamination. Identity candidates are evidence-backed and carried forward to structural conflict resolution.
42,FC2515-P12-R0283,安徽,283,陈冬梅|陈华明,federation_official,A,安徽省工商联第十二届执行委员会名单,https://www.acfic.org.cn/ztzlhz/2022gslhj/2022gslhj_ah/202208/t20220812_312855.html,2022-08-12,DEFERRED_CANONICAL_IDENTITY_REPAIR_REQUIRED,Canonical person_id is attached to a malformed source fragment/compound row; assigning current organization/title before canonical split/merge risks cross-person contamination. Identity candidates are evidence-backed and carried forward to structural conflict resolution.
43,FC2515-P12-R0287,安徽,287,陈荣娜|陈昭敏,federation_official,A,安徽省工商联第十二届执行委员会名单,https://www.acfic.org.cn/ztzlhz/2022gslhj/2022gslhj_ah/202208/t20220812_312855.html,2022-08-12,DEFERRED_CANONICAL_IDENTITY_REPAIR_REQUIRED,Canonical person_id is attached to a malformed source fragment/compound row; assigning current organization/title before canonical split/merge risks cross-person contamination. Identity candidates are evidence-backed and carried forward to structural conflict resolution.
44,FC2515-P12-R0297,安徽,297,金颐|金磬,federation_official,A,安徽省工商联第十二届执行委员会名单,https://www.acfic.org.cn/ztzlhz/2022gslhj/2022gslhj_ah/202208/t20220812_312855.html,2022-08-12,DEFERRED_CANONICAL_IDENTITY_REPAIR_REQUIRED,Canonical person_id is attached to a malformed source fragment/compound row; assigning current organization/title before canonical split/merge risks cross-person contamination. Identity candidates are evidence-backed and carried forward to structural conflict resolution.
45,FC2515-P12-R0324,安徽,324,姚和平|贺应旭,federation_official,A,安徽省工商联第十二届执行委员会名单,https://www.acfic.org.cn/ztzlhz/2022gslhj/2022gslhj_ah/202208/t20220812_312855.html,2022-08-12,DEFERRED_CANONICAL_IDENTITY_REPAIR_REQUIRED,Canonical person_id is attached to a malformed source fragment/compound row; assigning current organization/title before canonical split/merge risks cross-person contamination. Identity candidates are evidence-backed and carried forward to structural conflict resolution.
46,FC2515-P12-R0372,安徽,372,覃蔚|程岗,federation_official,A,安徽省工商联第十二届执行委员会名单,https://www.acfic.org.cn/ztzlhz/2022gslhj/2022gslhj_ah/202208/t20220812_312855.html,2022-08-12,DEFERRED_CANONICAL_IDENTITY_REPAIR_REQUIRED,Canonical person_id is attached to a malformed source fragment/compound row; assigning current organization/title before canonical split/merge risks cross-person contamination. Identity candidates are evidence-backed and carried forward to structural conflict resolution.
47,FC2515-P12-R0376,安徽,376,焦慧|储昭节,federation_official,A,安徽省工商联第十二届执行委员会名单,https://www.acfic.org.cn/ztzlhz/2022gslhj/2022gslhj_ah/202208/t20220812_312855.html,2022-08-12,DEFERRED_CANONICAL_IDENTITY_REPAIR_REQUIRED,Canonical person_id is attached to a malformed source fragment/compound row; assigning current organization/title before canonical split/merge risks cross-person contamination. Identity candidates are evidence-backed and carried forward to structural conflict resolution.
48,FC2515-P12-R0381,安徽,381,蓝天|蔡镕骏,federation_official,A,安徽省工商联第十二届执行委员会名单,https://www.acfic.org.cn/ztzlhz/2022gslhj/2022gslhj_ah/202208/t20220812_312855.html,2022-08-12,DEFERRED_CANONICAL_IDENTITY_REPAIR_REQUIRED,Canonical person_id is attached to a malformed source fragment/compound row; assigning current organization/title before canonical split/merge risks cross-person contamination. Identity candidates are evidence-backed and carried forward to structural conflict resolution.
49,FC2515-P12-R0386,安徽,386,潘斌|潘保春,federation_official,A,安徽省工商联第十二届执行委员会名单,https://www.acfic.org.cn/ztzlhz/2022gslhj/2022gslhj_ah/202208/t20220812_312855.html,2022-08-12,DEFERRED_CANONICAL_IDENTITY_REPAIR_REQUIRED,Canonical person_id is attached to a malformed source fragment/compound row; assigning current organization/title before canonical split/merge risks cross-person contamination. Identity candidates are evidence-backed and carried forward to structural conflict resolution.
50,FC2515-P16-R0004,河南,4,赵纯武|孔火团|马跃峰|李莉,federation_official,A,河南省工商业联合会第十三届执行委员会名单,https://www.acfic.org.cn/ztzlhz/2022gslhj/2022gslhj_ha/202208/t20220829_113897.html,2022-08-29,DEFERRED_CANONICAL_IDENTITY_REPAIR_REQUIRED,Canonical person_id is attached to a malformed source fragment/compound row; assigning current organization/title before canonical split/merge risks cross-person contamination. Identity candidates are evidence-backed and carried forward to structural conflict resolution.
51,FC2515-P16-R0007,河南,7,陈南,federation_official,A,河南省工商业联合会第十三届执行委员会名单,https://www.acfic.org.cn/ztzlhz/2022gslhj/2022gslhj_ha/202208/t20220829_113897.html,2022-08-29,DEFERRED_CANONICAL_IDENTITY_REPAIR_REQUIRED,Canonical person_id is attached to a malformed source fragment/compound row; assigning current organization/title before canonical split/merge risks cross-person contamination. Identity candidates are evidence-backed and carried forward to structural conflict resolution.
52,FC2515-P16-R0028,河南,28,常远,federation_official,A,河南省工商业联合会第十三届执行委员会名单,https://www.acfic.org.cn/ztzlhz/2022gslhj/2022gslhj_ha/202208/t20220829_113897.html,2022-08-29,DEFERRED_CANONICAL_IDENTITY_REPAIR_REQUIRED,Canonical person_id is attached to a malformed source fragment/compound row; assigning current organization/title before canonical split/merge risks cross-person contamination. Identity candidates are evidence-backed and carried forward to structural conflict resolution.
53,FC2515-P16-R0035,河南,35,王玉桥|连建伟|潘道荣,federation_official,A,河南省工商业联合会第十三届执行委员会名单,https://www.acfic.org.cn/ztzlhz/2022gslhj/2022gslhj_ha/202208/t20220829_113897.html,2022-08-29,DEFERRED_CANONICAL_IDENTITY_REPAIR_REQUIRED,Canonical person_id is attached to a malformed source fragment/compound row; assigning current organization/title before canonical split/merge risks cross-person contamination. Identity candidates are evidence-backed and carried forward to structural conflict resolution.
54,FC2515-P16-R0053,河南,53,郭敏,federation_official,A,河南省工商业联合会第十三届执行委员会名单,https://www.acfic.org.cn/ztzlhz/2022gslhj/2022gslhj_ha/202208/t20220829_113897.html,2022-08-29,DEFERRED_CANONICAL_IDENTITY_REPAIR_REQUIRED,Canonical person_id is attached to a malformed source fragment/compound row; assigning current organization/title before canonical split/merge risks cross-person contamination. Identity candidates are evidence-backed and carried forward to structural conflict resolution.
55,FC2515-P16-R0054,河南,54,郭敏,federation_official,A,河南省工商业联合会第十三届执行委员会名单,https://www.acfic.org.cn/ztzlhz/2022gslhj/2022gslhj_ha/202208/t20220829_113897.html,2022-08-29,DEFERRED_CANONICAL_IDENTITY_REPAIR_REQUIRED,Canonical person_id is attached to a malformed source fragment/compound row; assigning current organization/title before canonical split/merge risks cross-person contamination. Identity candidates are evidence-backed and carried forward to structural conflict resolution.
56,FC2515-P16-R0065,河南,65,王铭,federation_official,A,河南省工商业联合会第十三届执行委员会名单,https://www.acfic.org.cn/ztzlhz/2022gslhj/2022gslhj_ha/202208/t20220829_113897.html,2022-08-29,DEFERRED_CANONICAL_IDENTITY_REPAIR_REQUIRED,Canonical person_id is attached to a malformed source fragment/compound row; assigning current organization/title before canonical split/merge risks cross-person contamination. Identity candidates are evidence-backed and carried forward to structural conflict resolution.
57,FC2515-P16-R0068,河南,68,王鹏（青企联）,federation_official,A,河南省工商业联合会第十三届执行委员会名单,https://www.acfic.org.cn/ztzlhz/2022gslhj/2022gslhj_ha/202208/t20220829_113897.html,2022-08-29,DEFERRED_CANONICAL_IDENTITY_REPAIR_REQUIRED,Canonical person_id is attached to a malformed source fragment/compound row; assigning current organization/title before canonical split/merge risks cross-person contamination. Identity candidates are evidence-backed and carried forward to structural conflict resolution.
58,FC2515-P16-R0094,河南,94,孙浩,federation_official,A,河南省工商业联合会第十三届执行委员会名单,https://www.acfic.org.cn/ztzlhz/2022gslhj/2022gslhj_ha/202208/t20220829_113897.html,2022-08-29,DEFERRED_CANONICAL_IDENTITY_REPAIR_REQUIRED,Canonical person_id is attached to a malformed source fragment/compound row; assigning current organization/title before canonical split/merge risks cross-person contamination. Identity candidates are evidence-backed and carried forward to structural conflict resolution.
59,FC2515-P16-R0099,河南,99,李林,federation_official,A,河南省工商业联合会第十三届执行委员会名单,https://www.acfic.org.cn/ztzlhz/2022gslhj/2022gslhj_ha/202208/t20220829_113897.html,2022-08-29,DEFERRED_CANONICAL_IDENTITY_REPAIR_REQUIRED,Canonical person_id is attached to a malformed source fragment/compound row; assigning current organization/title before canonical split/merge risks cross-person contamination. Identity candidates are evidence-backed and carried forward to structural conflict resolution.
60,FC2515-P16-R0100,河南,100,李林,federation_official,A,河南省工商业联合会第十三届执行委员会名单,https://www.acfic.org.cn/ztzlhz/2022gslhj/2022gslhj_ha/202208/t20220829_113897.html,2022-08-29,DEFERRED_CANONICAL_IDENTITY_REPAIR_REQUIRED,Canonical person_id is attached to a malformed source fragment/compound row; assigning current organization/title before canonical split/merge risks cross-person contamination. Identity candidates are evidence-backed and carried forward to structural conflict resolution.
61,FC2515-P16-R0101,河南,101,李森,federation_official,A,河南省工商业联合会第十三届执行委员会名单,https://www.acfic.org.cn/ztzlhz/2022gslhj/2022gslhj_ha/202208/t20220829_113897.html,2022-08-29,DEFERRED_CANONICAL_IDENTITY_REPAIR_REQUIRED,Canonical person_id is attached to a malformed source fragment/compound row; assigning current organization/title before canonical split/merge risks cross-person contamination. Identity candidates are evidence-backed and carried forward to structural conflict resolution.
62,FC2515-P16-R0102,河南,102,李森,federation_official,A,河南省工商业联合会第十三届执行委员会名单,https://www.acfic.org.cn/ztzlhz/2022gslhj/2022gslhj_ha/202208/t20220829_113897.html,2022-08-29,DEFERRED_CANONICAL_IDENTITY_REPAIR_REQUIRED,Canonical person_id is attached to a malformed source fragment/compound row; assigning current organization/title before canonical split/merge risks cross-person contamination. Identity candidates are evidence-backed and carried forward to structural conflict resolution.
63,FC2515-P16-R0117,河南,117,张慧（女）,federation_official,A,河南省工商业联合会第十三届执行委员会名单,https://www.acfic.org.cn/ztzlhz/2022gslhj/2022gslhj_ha/202208/t20220829_113897.html,2022-08-29,DEFERRED_CANONICAL_IDENTITY_REPAIR_REQUIRED,Canonical person_id is attached to a malformed source fragment/compound row; assigning current organization/title before canonical split/merge risks cross-person contamination. Identity candidates are evidence-backed and carried forward to structural conflict resolution.
64,FC2515-P16-R0118,河南,118,张慧（女）,federation_official,A,河南省工商业联合会第十三届执行委员会名单,https://www.acfic.org.cn/ztzlhz/2022gslhj/2022gslhj_ha/202208/t20220829_113897.html,2022-08-29,DEFERRED_CANONICAL_IDENTITY_REPAIR_REQUIRED,Canonical person_id is attached to a malformed source fragment/compound row; assigning current organization/title before canonical split/merge risks cross-person contamination. Identity candidates are evidence-backed and carried forward to structural conflict resolution.
65,FC2515-P16-R0119,河南,119,张磊,federation_official,A,河南省工商业联合会第十三届执行委员会名单,https://www.acfic.org.cn/ztzlhz/2022gslhj/2022gslhj_ha/202208/t20220829_113897.html,2022-08-29,DEFERRED_CANONICAL_IDENTITY_REPAIR_REQUIRED,Canonical person_id is attached to a malformed source fragment/compound row; assigning current organization/title before canonical split/merge risks cross-person contamination. Identity candidates are evidence-backed and carried forward to structural conflict resolution.
66,FC2515-P16-R0120,河南,120,张磊,federation_official,A,河南省工商业联合会第十三届执行委员会名单,https://www.acfic.org.cn/ztzlhz/2022gslhj/2022gslhj_ha/202208/t20220829_113897.html,2022-08-29,DEFERRED_CANONICAL_IDENTITY_REPAIR_REQUIRED,Canonical person_id is attached to a malformed source fragment/compound row; assigning current organization/title before canonical split/merge risks cross-person contamination. Identity candidates are evidence-backed and carried forward to structural conflict resolution.
67,FC2515-P16-R0142,河南,142,曹磊,federation_official,A,河南省工商业联合会第十三届执行委员会名单,https://www.acfic.org.cn/ztzlhz/2022gslhj/2022gslhj_ha/202208/t20220829_113897.html,2022-08-29,DEFERRED_CANONICAL_IDENTITY_REPAIR_REQUIRED,Canonical person_id is attached to a malformed source fragment/compound row; assigning current organization/title before canonical split/merge risks cross-person contamination. Identity candidates are evidence-backed and carried forward to structural conflict resolution.
68,FC2515-P16-R0144,河南,144,梁友,federation_official,A,河南省工商业联合会第十三届执行委员会名单,https://www.acfic.org.cn/ztzlhz/2022gslhj/2022gslhj_ha/202208/t20220829_113897.html,2022-08-29,DEFERRED_CANONICAL_IDENTITY_REPAIR_REQUIRED,Canonical person_id is attached to a malformed source fragment/compound row; assigning current organization/title before canonical split/merge risks cross-person contamination. Identity candidates are evidence-backed and carried forward to structural conflict resolution.
69,FC2515-P16-R0155,河南,155,丁剑,federation_official,A,河南省工商业联合会第十三届执行委员会名单,https://www.acfic.org.cn/ztzlhz/2022gslhj/2022gslhj_ha/202208/t20220829_113897.html,2022-08-29,DEFERRED_CANONICAL_IDENTITY_REPAIR_REQUIRED,Canonical person_id is attached to a malformed source fragment/compound row; assigning current organization/title before canonical split/merge risks cross-person contamination. Identity candidates are evidence-backed and carried forward to structural conflict resolution.
70,FC2515-P16-R0165,河南,165,王铭,federation_official,A,河南省工商业联合会第十三届执行委员会名单,https://www.acfic.org.cn/ztzlhz/2022gslhj/2022gslhj_ha/202208/t20220829_113897.html,2022-08-29,DEFERRED_CANONICAL_IDENTITY_REPAIR_REQUIRED,Canonical person_id is attached to a malformed source fragment/compound row; assigning current organization/title before canonical split/merge risks cross-person contamination. Identity candidates are evidence-backed and carried forward to structural conflict resolution.
71,FC2515-P16-R0166,河南,166,王铭,federation_official,A,河南省工商业联合会第十三届执行委员会名单,https://www.acfic.org.cn/ztzlhz/2022gslhj/2022gslhj_ha/202208/t20220829_113897.html,2022-08-29,DEFERRED_CANONICAL_IDENTITY_REPAIR_REQUIRED,Canonical person_id is attached to a malformed source fragment/compound row; assigning current organization/title before canonical split/merge risks cross-person contamination. Identity candidates are evidence-backed and carried forward to structural conflict resolution.
72,FC2515-P16-R0168,河南,168,王森,federation_official,A,河南省工商业联合会第十三届执行委员会名单,https://www.acfic.org.cn/ztzlhz/2022gslhj/2022gslhj_ha/202208/t20220829_113897.html,2022-08-29,DEFERRED_CANONICAL_IDENTITY_REPAIR_REQUIRED,Canonical person_id is attached to a malformed source fragment/compound row; assigning current organization/title before canonical split/merge risks cross-person contamination. Identity candidates are evidence-backed and carried forward to structural conflict resolution.
73,FC2515-P16-R0171,河南,171,王雷,federation_official,A,河南省工商业联合会第十三届执行委员会名单,https://www.acfic.org.cn/ztzlhz/2022gslhj/2022gslhj_ha/202208/t20220829_113897.html,2022-08-29,DEFERRED_CANONICAL_IDENTITY_REPAIR_REQUIRED,Canonical person_id is attached to a malformed source fragment/compound row; assigning current organization/title before canonical split/merge risks cross-person contamination. Identity candidates are evidence-backed and carried forward to structural conflict resolution.
74,FC2515-P16-R0173,河南,173,王鹏（青企联）,federation_official,A,河南省工商业联合会第十三届执行委员会名单,https://www.acfic.org.cn/ztzlhz/2022gslhj/2022gslhj_ha/202208/t20220829_113897.html,2022-08-29,DEFERRED_CANONICAL_IDENTITY_REPAIR_REQUIRED,Canonical person_id is attached to a malformed source fragment/compound row; assigning current organization/title before canonical split/merge risks cross-person contamination. Identity candidates are evidence-backed and carried forward to structural conflict resolution.
75,FC2515-P16-R0174,河南,174,王鹏（青企联）,federation_official,A,河南省工商业联合会第十三届执行委员会名单,https://www.acfic.org.cn/ztzlhz/2022gslhj/2022gslhj_ha/202208/t20220829_113897.html,2022-08-29,DEFERRED_CANONICAL_IDENTITY_REPAIR_REQUIRED,Canonical person_id is attached to a malformed source fragment/compound row; assigning current organization/title before canonical split/merge risks cross-person contamination. Identity candidates are evidence-backed and carried forward to structural conflict resolution.
76,FC2515-P16-R0175,河南,175,王颖,federation_official,A,河南省工商业联合会第十三届执行委员会名单,https://www.acfic.org.cn/ztzlhz/2022gslhj/2022gslhj_ha/202208/t20220829_113897.html,2022-08-29,DEFERRED_CANONICAL_IDENTITY_REPAIR_REQUIRED,Canonical person_id is attached to a malformed source fragment/compound row; assigning current organization/title before canonical split/merge risks cross-person contamination. Identity candidates are evidence-backed and carried forward to structural conflict resolution.
77,FC2515-P16-R0214,河南,214,白砥,federation_official,A,河南省工商业联合会第十三届执行委员会名单,https://www.acfic.org.cn/ztzlhz/2022gslhj/2022gslhj_ha/202208/t20220829_113897.html,2022-08-29,DEFERRED_CANONICAL_IDENTITY_REPAIR_REQUIRED,Canonical person_id is attached to a malformed source fragment/compound row; assigning current organization/title before canonical split/merge risks cross-person contamination. Identity candidates are evidence-backed and carried forward to structural conflict resolution.
78,FC2515-P16-R0232,河南,232,刘刚（省直）,federation_official,A,河南省工商业联合会第十三届执行委员会名单,https://www.acfic.org.cn/ztzlhz/2022gslhj/2022gslhj_ha/202208/t20220829_113897.html,2022-08-29,DEFERRED_CANONICAL_IDENTITY_REPAIR_REQUIRED,Canonical person_id is attached to a malformed source fragment/compound row; assigning current organization/title before canonical split/merge risks cross-person contamination. Identity candidates are evidence-backed and carried forward to structural conflict resolution.
79,FC2515-P16-R0233,河南,233,刘刚（省直）,federation_official,A,河南省工商业联合会第十三届执行委员会名单,https://www.acfic.org.cn/ztzlhz/2022gslhj/2022gslhj_ha/202208/t20220829_113897.html,2022-08-29,DEFERRED_CANONICAL_IDENTITY_REPAIR_REQUIRED,Canonical person_id is attached to a malformed source fragment/compound row; assigning current organization/title before canonical split/merge risks cross-person contamination. Identity candidates are evidence-backed and carried forward to structural conflict resolution.
80,FC2515-P16-R0251,河南,251,许冉（女）,federation_official,A,河南省工商业联合会第十三届执行委员会名单,https://www.acfic.org.cn/ztzlhz/2022gslhj/2022gslhj_ha/202208/t20220829_113897.html,2022-08-29,DEFERRED_CANONICAL_IDENTITY_REPAIR_REQUIRED,Canonical person_id is attached to a malformed source fragment/compound row; assigning current organization/title before canonical split/merge risks cross-person contamination. Identity candidates are evidence-backed and carried forward to structural conflict resolution.
81,FC2515-P16-R0252,河南,252,许冉（女）,federation_official,A,河南省工商业联合会第十三届执行委员会名单,https://www.acfic.org.cn/ztzlhz/2022gslhj/2022gslhj_ha/202208/t20220829_113897.html,2022-08-29,DEFERRED_CANONICAL_IDENTITY_REPAIR_REQUIRED,Canonical person_id is attached to a malformed source fragment/compound row; assigning current organization/title before canonical split/merge risks cross-person contamination. Identity candidates are evidence-backed and carried forward to structural conflict resolution.
82,FC2515-P16-R0253,河南,253,许锐,federation_official,A,河南省工商业联合会第十三届执行委员会名单,https://www.acfic.org.cn/ztzlhz/2022gslhj/2022gslhj_ha/202208/t20220829_113897.html,2022-08-29,DEFERRED_CANONICAL_IDENTITY_REPAIR_REQUIRED,Canonical person_id is attached to a malformed source fragment/compound row; assigning current organization/title before canonical split/merge risks cross-person contamination. Identity candidates are evidence-backed and carried forward to structural conflict resolution.
83,FC2515-P16-R0255,河南,255,孙浩,federation_official,A,河南省工商业联合会第十三届执行委员会名单,https://www.acfic.org.cn/ztzlhz/2022gslhj/2022gslhj_ha/202208/t20220829_113897.html,2022-08-29,DEFERRED_CANONICAL_IDENTITY_REPAIR_REQUIRED,Canonical person_id is attached to a malformed source fragment/compound row; assigning current organization/title before canonical split/merge risks cross-person contamination. Identity candidates are evidence-backed and carried forward to structural conflict resolution.
84,FC2515-P16-R0266,河南,266,李林（女）,federation_official,A,河南省工商业联合会第十三届执行委员会名单,https://www.acfic.org.cn/ztzlhz/2022gslhj/2022gslhj_ha/202208/t20220829_113897.html,2022-08-29,DEFERRED_CANONICAL_IDENTITY_REPAIR_REQUIRED,Canonical person_id is attached to a malformed source fragment/compound row; assigning current organization/title before canonical split/merge risks cross-person contamination. Identity candidates are evidence-backed and carried forward to structural conflict resolution.
85,FC2515-P16-R0267,河南,267,李林（女）,federation_official,A,河南省工商业联合会第十三届执行委员会名单,https://www.acfic.org.cn/ztzlhz/2022gslhj/2022gslhj_ha/202208/t20220829_113897.html,2022-08-29,DEFERRED_CANONICAL_IDENTITY_REPAIR_REQUIRED,Canonical person_id is attached to a malformed source fragment/compound row; assigning current organization/title before canonical split/merge risks cross-person contamination. Identity candidates are evidence-backed and carried forward to structural conflict resolution.
86,FC2515-P16-R0268,河南,268,李建,federation_official,A,河南省工商业联合会第十三届执行委员会名单,https://www.acfic.org.cn/ztzlhz/2022gslhj/2022gslhj_ha/202208/t20220829_113897.html,2022-08-29,DEFERRED_CANONICAL_IDENTITY_REPAIR_REQUIRED,Canonical person_id is attached to a malformed source fragment/compound row; assigning current organization/title before canonical split/merge risks cross-person contamination. Identity candidates are evidence-backed and carried forward to structural conflict resolution.
87,FC2515-P16-R0269,河南,269,李建,federation_official,A,河南省工商业联合会第十三届执行委员会名单,https://www.acfic.org.cn/ztzlhz/2022gslhj/2022gslhj_ha/202208/t20220829_113897.html,2022-08-29,DEFERRED_CANONICAL_IDENTITY_REPAIR_REQUIRED,Canonical person_id is attached to a malformed source fragment/compound row; assigning current organization/title before canonical split/merge risks cross-person contamination. Identity candidates are evidence-backed and carried forward to structural conflict resolution.
88,FC2515-P16-R0271,河南,271,李莉（女）|李涛,federation_official,A,河南省工商业联合会第十三届执行委员会名单,https://www.acfic.org.cn/ztzlhz/2022gslhj/2022gslhj_ha/202208/t20220829_113897.html,2022-08-29,DEFERRED_CANONICAL_IDENTITY_REPAIR_REQUIRED,Canonical person_id is attached to a malformed source fragment/compound row; assigning current organization/title before canonical split/merge risks cross-person contamination. Identity candidates are evidence-backed and carried forward to structural conflict resolution.
89,FC2515-P16-R0318,河南,318,张彪,federation_official,A,河南省工商业联合会第十三届执行委员会名单,https://www.acfic.org.cn/ztzlhz/2022gslhj/2022gslhj_ha/202208/t20220829_113897.html,2022-08-29,DEFERRED_CANONICAL_IDENTITY_REPAIR_REQUIRED,Canonical person_id is attached to a malformed source fragment/compound row; assigning current organization/title before canonical split/merge risks cross-person contamination. Identity candidates are evidence-backed and carried forward to structural conflict resolution.
90,FC2515-P16-R0320,河南,320,张康,federation_official,A,河南省工商业联合会第十三届执行委员会名单,https://www.acfic.org.cn/ztzlhz/2022gslhj/2022gslhj_ha/202208/t20220829_113897.html,2022-08-29,DEFERRED_CANONICAL_IDENTITY_REPAIR_REQUIRED,Canonical person_id is attached to a malformed source fragment/compound row; assigning current organization/title before canonical split/merge risks cross-person contamination. Identity candidates are evidence-backed and carried forward to structural conflict resolution.
91,FC2515-P16-R0322,河南,322,张辉（女）,federation_official,A,河南省工商业联合会第十三届执行委员会名单,https://www.acfic.org.cn/ztzlhz/2022gslhj/2022gslhj_ha/202208/t20220829_113897.html,2022-08-29,DEFERRED_CANONICAL_IDENTITY_REPAIR_REQUIRED,Canonical person_id is attached to a malformed source fragment/compound row; assigning current organization/title before canonical split/merge risks cross-person contamination. Identity candidates are evidence-backed and carried forward to structural conflict resolution.
92,FC2515-P16-R0323,河南,323,张辉（女）,federation_official,A,河南省工商业联合会第十三届执行委员会名单,https://www.acfic.org.cn/ztzlhz/2022gslhj/2022gslhj_ha/202208/t20220829_113897.html,2022-08-29,DEFERRED_CANONICAL_IDENTITY_REPAIR_REQUIRED,Canonical person_id is attached to a malformed source fragment/compound row; assigning current organization/title before canonical split/merge risks cross-person contamination. Identity candidates are evidence-backed and carried forward to structural conflict resolution.
93,FC2515-P16-R0324,河南,324,张斌,federation_official,A,河南省工商业联合会第十三届执行委员会名单,https://www.acfic.org.cn/ztzlhz/2022gslhj/2022gslhj_ha/202208/t20220829_113897.html,2022-08-29,DEFERRED_CANONICAL_IDENTITY_REPAIR_REQUIRED,Canonical person_id is attached to a malformed source fragment/compound row; assigning current organization/title before canonical split/merge risks cross-person contamination. Identity candidates are evidence-backed and carried forward to structural conflict resolution.
94,FC2515-P16-R0326,河南,326,张慧（女）,federation_official,A,河南省工商业联合会第十三届执行委员会名单,https://www.acfic.org.cn/ztzlhz/2022gslhj/2022gslhj_ha/202208/t20220829_113897.html,2022-08-29,DEFERRED_CANONICAL_IDENTITY_REPAIR_REQUIRED,Canonical person_id is attached to a malformed source fragment/compound row; assigning current organization/title before canonical split/merge risks cross-person contamination. Identity candidates are evidence-backed and carried forward to structural conflict resolution.
95,FC2515-P16-R0413,河南,413,徐瑞,federation_official,A,河南省工商业联合会第十三届执行委员会名单,https://www.acfic.org.cn/ztzlhz/2022gslhj/2022gslhj_ha/202208/t20220829_113897.html,2022-08-29,DEFERRED_CANONICAL_IDENTITY_REPAIR_REQUIRED,Canonical person_id is attached to a malformed source fragment/compound row; assigning current organization/title before canonical split/merge risks cross-person contamination. Identity candidates are evidence-backed and carried forward to structural conflict resolution.
96,FC2515-P16-R0424,河南,424,郭锐,federation_official,A,河南省工商业联合会第十三届执行委员会名单,https://www.acfic.org.cn/ztzlhz/2022gslhj/2022gslhj_ha/202208/t20220829_113897.html,2022-08-29,DEFERRED_CANONICAL_IDENTITY_REPAIR_REQUIRED,Canonical person_id is attached to a malformed source fragment/compound row; assigning current organization/title before canonical split/merge risks cross-person contamination. Identity candidates are evidence-backed and carried forward to structural conflict resolution.
97,FC2515-P16-R0429,河南,429,黄梅（女）,federation_official,A,河南省工商业联合会第十三届执行委员会名单,https://www.acfic.org.cn/ztzlhz/2022gslhj/2022gslhj_ha/202208/t20220829_113897.html,2022-08-29,DEFERRED_CANONICAL_IDENTITY_REPAIR_REQUIRED,Canonical person_id is attached to a malformed source fragment/compound row; assigning current organization/title before canonical split/merge risks cross-person contamination. Identity candidates are evidence-backed and carried forward to structural conflict resolution.
98,FC2515-P16-R0430,河南,430,黄梅（女）,federation_official,A,河南省工商业联合会第十三届执行委员会名单,https://www.acfic.org.cn/ztzlhz/2022gslhj/2022gslhj_ha/202208/t20220829_113897.html,2022-08-29,DEFERRED_CANONICAL_IDENTITY_REPAIR_REQUIRED,Canonical person_id is attached to a malformed source fragment/compound row; assigning current organization/title before canonical split/merge risks cross-person contamination. Identity candidates are evidence-backed and carried forward to structural conflict resolution.
99,FC2515-P16-R0438,河南,438,常远,federation_official,A,河南省工商业联合会第十三届执行委员会名单,https://www.acfic.org.cn/ztzlhz/2022gslhj/2022gslhj_ha/202208/t20220829_113897.html,2022-08-29,DEFERRED_CANONICAL_IDENTITY_REPAIR_REQUIRED,Canonical person_id is attached to a malformed source fragment/compound row; assigning current organization/title before canonical split/merge risks cross-person contamination. Identity candidates are evidence-backed and carried forward to structural conflict resolution.
100,FC2515-P16-R0440,河南,440,常诚,federation_official,A,河南省工商业联合会第十三届执行委员会名单,https://www.acfic.org.cn/ztzlhz/2022gslhj/2022gslhj_ha/202208/t20220829_113897.html,2022-08-29,DEFERRED_CANONICAL_IDENTITY_REPAIR_REQUIRED,Canonical person_id is attached to a malformed source fragment/compound row; assigning current organization/title before canonical split/merge risks cross-person contamination. Identity candidates are evidence-backed and carried forward to structural conflict resolution.
101,FC2515-P19-R0611,广东,611,何凯玲（女）|陈美仪（女）,federation_official,A,广东省工商联第十三届执委会名单,https://www.acfic.org.cn/ztzlhz/2022gslhj/2022gslhj_gd/202209/t20220919_313061.html,2022-09-19,DEFERRED_CANONICAL_IDENTITY_REPAIR_REQUIRED,Canonical person_id is attached to a malformed source fragment/compound row; assigning current organization/title before canonical split/merge risks cross-person contamination. Identity candidates are evidence-backed and carried forward to structural conflict resolution.
102,FC2515-P01-R0003,北京,3,李振坤,federation_official,A,市工商联召开首都异地商会工作会议,https://www.bjzx.gov.cn/zxgz/dptt/202503/t20250311_51847.html,2025-03-10,CURRENT_ORG_TITLE_CONFIRMED,
103,FC2515-P01-R0006,北京,6,李振坤,federation_official,A,市工商联召开首都异地商会工作会议,https://www.bjzx.gov.cn/zxgz/dptt/202503/t20250311_51847.html,2025-03-10,CURRENT_ORG_TITLE_CONFIRMED,
104,FC2515-P02-R0074,上海,74,黄震,enterprise_official,A,2026中期业绩｜豫园股份上半年归母净利润同比增长157%，业绩稳步复苏,https://www.fosun.com/content/details46_5107.html,2026-08-20,CURRENT_ORG_TITLE_CONFIRMED,
105,FC2515-P02-R0086,上海,86,刘策,authoritative_media,B,*ST龙宇董事长辞职 中小股东联名举报实控人,https://www.eeo.com.cn/2025/0606/730678.shtml,2025-06-06,UNRESOLVED_CURRENT_ORG_TITLE,"2025 evidence identifies 刘策 as 上海龙宇数据股份有限公司董事、总经理, but the company subsequently delisted and no sufficiently fresh A/B source was found for the current role."
106,FC2515-P02-R0087,上海,87,刘建民,authoritative_media,B,上海交大文创学院2026届硕士生毕业典礼举行,https://news.sjtu.edu.cn/zhxw/20260331/221008.html,2026-03-31,CURRENT_ORG_TITLE_CONFIRMED,
107,FC2515-P02-R0093,上海,93,吕名礼,government_official,A,不止三位！永州籍优秀科技工作者吕名礼获国家科技进步二等奖,https://www.yzcity.gov.cn/cnyz/yzmr/202607/82ee3e4794ed439f893cf142135c923d.shtml,2026-07-13,CURRENT_ORG_TITLE_CONFIRMED,
108,FC2515-P02-R0197,上海,197,黄震,enterprise_official,A,2026中期业绩｜豫园股份上半年归母净利润同比增长157%，业绩稳步复苏,https://www.fosun.com/content/details46_5107.html,2026-08-20,CURRENT_ORG_TITLE_CONFIRMED,
109,FC2515-P02-R0224,上海,224,刘策,authoritative_media,B,*ST龙宇董事长辞职 中小股东联名举报实控人,https://www.eeo.com.cn/2025/0606/730678.shtml,2025-06-06,UNRESOLVED_CURRENT_ORG_TITLE,"2025 evidence identifies 刘策 as 上海龙宇数据股份有限公司董事、总经理, but the company subsequently delisted and no sufficiently fresh A/B source was found for the current role."
110,FC2515-P02-R0227,上海,227,刘建民,authoritative_media,B,上海交大文创学院2026届硕士生毕业典礼举行,https://news.sjtu.edu.cn/zhxw/20260331/221008.html,2026-03-31,CURRENT_ORG_TITLE_CONFIRMED,
111,FC2515-P02-R0233,上海,233,吕名礼,government_official,A,不止三位！永州籍优秀科技工作者吕名礼获国家科技进步二等奖,https://www.yzcity.gov.cn/cnyz/yzmr/202607/82ee3e4794ed439f893cf142135c923d.shtml,2026-07-13,CURRENT_ORG_TITLE_CONFIRMED,
112,FC2515-P03-R0044,天津,44,王磊（南开）,federation_official,A,把握发展大势赋能青商成长 天津青商专题学习讲座在南开区成功举办,https://www.tjfic.com/system/2026/04/15/030058015.shtml,2026-04-08,CURRENT_ORG_TITLE_CONFIRMED,
113,FC2515-P03-R0045,天津,45,王磊（蓟州）,government_official,A,大显身手正当其时丨天津民营经济人士热议民营企业座谈会（六）,https://www.tjtzb.org.cn/system/2025/03/11/030047675.shtml,2025-03-11,CURRENT_ORG_TITLE_CONFIRMED,
114,FC2515-P03-R0148,天津,148,李刚（新区）,federation_official,A,天津市工商业联合会（总商会）第十五届执行委员会名单,https://www.tjfic.com/system/2022/08/11/030020014.shtml,2022-08-11,UNRESOLVED_CURRENT_ORG_TITLE,No reliable current employer/title A/B evidence found in this batch; retain source qualifier 新区 and do not merge with 武清同名.
115,FC2515-P03-R0149,天津,149,李刚（武清）,federation_official,A,天津市工商业联合会（总商会）第十五届执行委员会名单,https://www.tjfic.com/system/2022/08/11/030020014.shtml,2022-08-11,UNRESOLVED_CURRENT_ORG_TITLE,No reliable current employer/title A/B evidence found in this batch; retain source qualifier 武清 and do not merge with 新区同名.
116,FC2515-P04-R0009,重庆,9,陈为贤,government_official,A,“开商大讲堂”第一期开讲,https://www.cqtzb.gov.cn/web/article/1415774757412163584/web/content_1415774757412163584.html,2025-04-18,CURRENT_ORG_TITLE_CONFIRMED,
117,FC2515-P04-R0028,重庆,28,李云强,government_official,A,南川区民营经济代表人士热议民营企业座谈会,https://www.cqtzb.gov.cn/web/article/1415775604187615232/web/content_1415775604187615232.html,2025-03-03,CURRENT_ORG_TITLE_CONFIRMED,
118,FC2515-P04-R0041,重庆,41,乔澍,federation_official,A,重庆市工商业联合会（总商会）第六届执委会名单,https://www.acfic.org.cn/ztzlhz/2022gslhj/2022gslhj_cq/202207/t20220715_312763.html,2022-07-15,UNRESOLVED_CURRENT_ORG_TITLE,No sufficiently specific A/B current employer/title evidence found; name-only matches are not accepted.
119,FC2515-P04-R0124,重庆,124,王敏（女）,federation_official,A,重庆市工商业联合会（总商会）第六届执委会名单,https://www.acfic.org.cn/ztzlhz/2022gslhj/2022gslhj_cq/202207/t20220715_312763.html,2022-07-15,UNRESOLVED_CURRENT_ORG_TITLE,Current enterprise/title not written because same-name ambiguity exists and available enterprise-role evidence is not sufficiently current.
120,FC2515-P04-R0147,重庆,147,陈为贤,government_official,A,“开商大讲堂”第一期开讲,https://www.cqtzb.gov.cn/web/article/1415774757412163584/web/content_1415774757412163584.html,2025-04-18,CURRENT_ORG_TITLE_CONFIRMED,
