queue_order,person_id,province,excel_row,federation_role,name_raw,name_normalized,source_org_title
4681,FC2515-P01-R0254,北京,254,执委,王彩蓉（女）,王彩蓉,暂未公开
4682,FC2515-P01-R0255,北京,255,执委,王国庆,王国庆,暂未公开
4683,FC2515-P01-R0256,北京,256,执委,王航,王航,暂未公开
4684,FC2515-P01-R0257,北京,257,执委,王静,王静,暂未公开
4685,FC2515-P01-R0258,北京,258,执委,王乐,王乐,暂未公开
4686,FC2515-P01-R0259,北京,259,执委,王雷,王雷,暂未公开
4687,FC2515-P01-R0260,北京,260,执委,王满程,王满程,暂未公开
4688,FC2515-P01-R0261,北京,261,执委,王娜（女）,王娜,暂未公开
4689,FC2515-P01-R0262,北京,262,执委,王涛,王涛,暂未公开
4690,FC2515-P01-R0263,北京,263,执委,王伟,王伟,暂未公开
4691,FC2515-P01-R0264,北京,264,执委,王文昌,王文昌,暂未公开
4692,FC2515-P01-R0265,北京,265,执委,王文宇,王文宇,暂未公开
4693,FC2515-P01-R0266,北京,266,执委,王曦,王曦,暂未公开
4694,FC2515-P01-R0267,北京,267,执委,王小义（女）,王小义,暂未公开
4695,FC2515-P01-R0268,北京,268,执委,王馨（女）,王馨,暂未公开
4696,FC2515-P01-R0269,北京,269,执委,王亚英（女）,王亚英,暂未公开
4697,FC2515-P01-R0270,北京,270,执委,王延安,王延安,暂未公开
4698,FC2515-P01-R0271,北京,271,执委,王志华（女）,王志华,暂未公开
4699,FC2515-P01-R0272,北京,272,执委,魏洪兴,魏洪兴,暂未公开
4700,FC2515-P01-R0273,北京,273,执委,魏战江,魏战江,暂未公开
4701,FC2515-P01-R0274,北京,274,执委,吴甘沙,吴甘沙,暂未公开
4702,FC2515-P01-R0275,北京,275,执委,吴秋华,吴秋华,暂未公开
4703,FC2515-P01-R0276,北京,276,执委,武晓明,武晓明,暂未公开
4704,FC2515-P01-R0277,北京,277,执委,夏涵,夏涵,暂未公开
4705,FC2515-P01-R0278,北京,278,执委,肖英（女）,肖英,暂未公开
4706,FC2515-P01-R0279,北京,279,执委,谢秉灶,谢秉灶,暂未公开
4707,FC2515-P01-R0280,北京,280,执委,行秀娟（女）,行秀娟,暂未公开
4708,FC2515-P01-R0281,北京,281,执委,徐大海,徐大海,暂未公开
4709,FC2515-P01-R0282,北京,282,执委,徐鸣,徐鸣,暂未公开
4710,FC2515-P01-R0283,北京,283,执委,徐熙明,徐熙明,暂未公开
4711,FC2515-P01-R0284,北京,284,执委,徐潇逸（女）,徐潇逸,暂未公开
4712,FC2515-P01-R0285,北京,285,执委,徐忠东,徐忠东,暂未公开
4713,FC2515-P01-R0286,北京,286,执委,闫衍,闫衍,暂未公开
4714,FC2515-P01-R0287,北京,287,执委,严军,严军,暂未公开
4715,FC2515-P01-R0288,北京,288,执委,杨春晖,杨春晖,暂未公开
4716,FC2515-P01-R0289,北京,289,执委,杨镓轩,杨镓轩,暂未公开
4717,FC2515-P01-R0290,北京,290,执委,杨建,杨建,暂未公开
4718,FC2515-P01-R0291,北京,291,执委,杨金城,杨金城,暂未公开
4719,FC2515-P01-R0292,北京,292,执委,杨晓刚,杨晓刚,暂未公开
4720,FC2515-P01-R0293,北京,293,执委,杨欣泽,杨欣泽,暂未公开
4721,FC2515-P01-R0294,北京,294,执委,杨渊博,杨渊博,暂未公开
4722,FC2515-P01-R0295,北京,295,执委,杨志刚,杨志刚,暂未公开
4723,FC2515-P01-R0296,北京,296,执委,姚新,姚新,暂未公开
4724,FC2515-P01-R0297,北京,297,执委,叶真龙,叶真龙,暂未公开
4725,FC2515-P01-R0298,北京,298,执委,尹洪涛,尹洪涛,暂未公开
4726,FC2515-P01-R0299,北京,299,执委,尹兴良,尹兴良,暂未公开
4727,FC2515-P01-R0300,北京,300,执委,于化龙,于化龙,暂未公开
4728,FC2515-P01-R0301,北京,301,执委,于庆洲,于庆洲,暂未公开
4729,FC2515-P01-R0302,北京,302,执委,俞会根,俞会根,暂未公开
4730,FC2515-P01-R0303,北京,303,执委,原伟超,原伟超,暂未公开
4731,FC2515-P01-R0304,北京,304,执委,袁国术,袁国术,暂未公开
4732,FC2515-P01-R0305,北京,305,执委,云涛,云涛,暂未公开
4733,FC2515-P01-R0306,北京,306,执委,张朝阳,张朝阳,暂未公开
4734,FC2515-P01-R0307,北京,307,执委,张春景,张春景,暂未公开
4735,FC2515-P01-R0308,北京,308,执委,张东晨,张东晨,暂未公开
4736,FC2515-P01-R0309,北京,309,执委,张恩阳,张恩阳,暂未公开
4737,FC2515-P01-R0310,北京,310,执委,张国强,张国强,暂未公开
4738,FC2515-P01-R0311,北京,311,执委,张洪亮,张洪亮,暂未公开
4739,FC2515-P01-R0312,北京,312,执委,张继承,张继承,暂未公开
4740,FC2515-P01-R0313,北京,313,执委,张金峰,张金峰,暂未公开
